{"cameraMode":{"drawMode":0,"name":"Shaded","section":"Shading Mode"},"sceneLighting":false,"audioPlay":false,"sceneViewState":{"showFog":true,"showMaterialUpdate":false,"showSkybox":false,"showFlares":true,"showImageEffects":true,"showParticleSystems":true,"showVisualEffectGraphs":true,"m_FxEnabled":true},"in2DMode":false,"pivot":{"x":-3.737428903579712,"y":0.6391996145248413,"z":-6.090419292449951},"rotation":{"x":-0.005449620075523853,"y":0.9781584739685059,"z":0.026126055046916009,"w":0.20633065700531007},"size":2.8598544597625734,"orthographic":false}