{"cameraMode":{"drawMode":0,"name":"Shaded","section":"Shading Mode"},"sceneLighting":true,"audioPlay":false,"sceneViewState":{"showFog":true,"showMaterialUpdate":false,"showSkybox":true,"showFlares":true,"showImageEffects":true,"showParticleSystems":true,"showVisualEffectGraphs":true,"m_FxEnabled":true},"in2DMode":false,"pivot":{"x":0.4439659118652344,"y":-3.867976188659668,"z":6.919160842895508},"rotation":{"x":0.2423248589038849,"y":0.052991922944784167,"z":-0.013140515424311161,"w":0.9687311053276062},"size":14.58681583404541,"orthographic":false}