{"cameraMode":{"drawMode":0,"name":"Shaded","section":"Shading Mode"},"sceneLighting":true,"audioPlay":false,"sceneViewState":{"showFog":true,"showMaterialUpdate":false,"showSkybox":true,"showFlares":true,"showImageEffects":true,"showParticleSystems":true,"showVisualEffectGraphs":true,"m_FxEnabled":true},"in2DMode":false,"pivot":{"x":0.3448648452758789,"y":-8.234294891357422,"z":7.480871200561523},"rotation":{"x":0.32170701026916506,"y":-0.07204961031675339,"z":0.02455906569957733,"w":0.9438091516494751},"size":12.485044479370118,"orthographic":false}