{"cameraMode":{"drawMode":0,"name":"Shaded","section":"Shading Mode"},"sceneLighting":false,"audioPlay":false,"sceneViewState":{"showFog":true,"showMaterialUpdate":false,"showSkybox":false,"showFlares":true,"showImageEffects":true,"showParticleSystems":true,"showVisualEffectGraphs":true,"m_FxEnabled":true},"in2DMode":false,"pivot":{"x":-10.599539756774903,"y":-0.04181567206978798,"z":-2.233656167984009},"rotation":{"x":0.012138819321990013,"y":0.5073834657669067,"z":0.007152871694415808,"w":-0.8616172671318054},"size":4.291171550750732,"orthographic":false}